wavelength_nm,relative_spd
380,0.0037219382379940088
381,0.0037153808128986454
382,0.0037055368703260132
383,0.003692406410276109
384,0.003675989432748928
385,0.0036595568453625608
386,0.003643124257976186
387,0.0036266916705898038
388,0.0036102590832034153
389,0.0035938264958170272
390,0.0035773939084306388
391,0.0035609613210442564
392,0.0035445287336578813
393,0.003528096146271515
394,0.003511663558885156
395,0.0034952309714987966
396,0.0034787983841124315
397,0.003462365796726059
398,0.0034593636090050803
399,0.0035070103072949842
400,0.003605305891595779
401,0.0037542503619074625
402,0.003986711680549407
403,0.004319702593050437
404,0.004716004613065068
405,0.0051756177405932954
406,0.00588454409085172
407,0.00686449579485609
408,0.008085029707412178
409,0.009550794341280878
410,0.011428568182507379
411,0.01353234911587508
412,0.01580755704804886
413,0.01825419197902872
414,0.02136095388464211
415,0.024976883197220724
416,0.02910197991676454
417,0.03409877014159714
418,0.04017193774116456
419,0.04689660707883494
420,0.054384175262044296
421,0.06270466234615663
422,0.07176002503770408
423,0.08188700237736302
424,0.09358540050781998
425,0.10674715336332675
426,0.1211937438642607
427,0.1380145353058852
428,0.1604786297310142
429,0.18075640832458884
430,0.20364610324944973
431,0.2286019545564669
432,0.2542760459471218
433,0.27943758350793163
434,0.31000760552027073
435,0.34482133733203923
436,0.38186452488768163
437,0.4211263405109506
438,0.4673788682887661
439,0.518237844918008
440,0.5747817991917629
441,0.6401291410846279
442,0.7104009008695282
443,0.7761966890889886
444,0.8450457490579635
445,0.9020634211634425
446,0.9471869639364896
447,0.97936074393848
448,1.0
449,0.9962608406027308
450,0.976229726781765
451,0.9391706290958252
452,0.8902257550736564
453,0.8286438335385885
454,0.7698338514198944
455,0.7073474854320406
456,0.6513196223290706
457,0.6005391573434897
458,0.5595469115550858
459,0.5210660335107802
460,0.49444171219999894
461,0.4692494372494256
462,0.44753946095148245
463,0.4272212205778355
464,0.41096286369238755
465,0.39149176658763263
466,0.37185514635972733
467,0.3524551162171912
468,0.3320464647253085
469,0.3076443631161766
470,0.2881539963566391
471,0.2711574176903214
472,0.25595726019682774
473,0.24334663614675742
474,0.23465407138211092
475,0.2284019409430288
476,0.2245994700735628
477,0.22250005847226278
478,0.22160596663822613
479,0.2222319009765284
480,0.22339312179782422
481,0.2250896291021136
482,0.22746835762504639
483,0.2307698321421464
484,0.23457457917966884
485,0.238967003284583
486,0.2446453512480515
487,0.25146268833442453
488,0.2593379652149508
489,0.2684049805898509
490,0.27868061820651846
491,0.28949196519445514
492,0.30069817964513973
493,0.3120093188305376
494,0.32322929002111594
495,0.3343132452265518
496,0.3454914073599679
497,0.35687446920674704
498,0.36854139467628216
499,0.38159257467422864
500,0.39399110462423503
501,0.40548142769251483
502,0.4165244525033621
503,0.42706271025544995
504,0.43574124706169937
505,0.44454052719442116
506,0.4535139949710314
507,0.4622352899030048
508,0.4704720072203388
509,0.4785320330453655
510,0.4861961535267199
511,0.49325671793329917
512,0.4997093272524728
513,0.505925135803305
514,0.5121434151896774
515,0.5185833792629553
516,0.5246330377289186
517,0.5302387499467103
518,0.5352549255312162
519,0.5394592314211807
520,0.5429238864813791
521,0.5464150874197183
522,0.5499864748770552
523,0.5534746792709583
524,0.556771993586595
525,0.55980619895919
526,0.562577295388743
527,0.5650497012785899
528,0.5673394171275589
529,0.5695461822962606
530,0.5716699967846952
531,0.5737022937748839
532,0.5756777650856643
533,0.5776437798006387
534,0.5795983133246897
535,0.5815307280314321
536,0.5834495907388445
537,0.5853557912247541
538,0.5872493294891611
539,0.5891322301271829
540,0.5910151307652047
541,0.5928980314032265
542,0.5947204349674189
543,0.5964522549470149
544,0.5980934913420144
545,0.5996441441524176
546,0.6011799063964883
547,0.6028097353248842
548,0.6045637174483721
549,0.6064372118469992
550,0.6084165785806438
551,0.6104261246310422
552,0.6124173898213662
553,0.614374264229855
554,0.6162928199857876
555,0.6181866970292856
556,0.6200558953603493
557,0.6217992251030207
558,0.6233860026926409
559,0.6248247969198832
560,0.6261954221825327
561,0.6278437182252843
562,0.6298708749240957
563,0.632323685765387
564,0.6351118560595957
565,0.6377749897363674
566,0.6399672470510066
567,0.6416886280035132
568,0.6429729971041271
569,0.6439527578611874
570,0.6450084919472641
571,0.6461401993623569
572,0.6473478801064662
573,0.6485976696693518
574,0.6498474592322377
575,0.6510972487951234
576,0.6521900494462541
577,0.6531182412178494
578,0.6538818241099094
579,0.6544597593929954
580,0.6547717880245243
581,0.6549748989162512
582,0.6550767120359561
583,0.6550479982150028
584,0.6548757142439525
585,0.6546401191653887
586,0.6543412129793111
587,0.6537433882025737
588,0.6527822637278885
589,0.6514919214941327
590,0.649872361501306
591,0.647786072178598
592,0.6454643556991351
593,0.6430008223388415
594,0.6403283165921501
595,0.6374347975246838
596,0.6344577767072535
597,0.6314432697793615
598,0.6284502886280243
599,0.6255459887588091
600,0.6227858715229441
601,0.6201738826255455
602,0.6176683117371308
603,0.6146061882311114
604,0.6107491828545504
605,0.606239307066383
606,0.601295827400415
607,0.5959187438566464
608,0.5904675311870387
609,0.5849932599253943
610,0.5793127244562145
611,0.5732643181307451
612,0.5668480409489859
613,0.56031409316511
614,0.5538555993725919
615,0.5474702933111446
616,0.5410213781994769
617,0.5344260529476805
618,0.5276786012891939
619,0.5207894487525038
620,0.513763448959222
621,0.5066757931004715
622,0.4992444521236119
623,0.49143286746281695
624,0.48350115997768994
625,0.4754990044965664
626,0.4674294719746751
627,0.45966235059887944
628,0.4522341989350054
629,0.44464325114080266
630,0.4368057353606106
631,0.4289121182049026
632,0.4212115042242741
633,0.41334222707582
634,0.4051887494629681
635,0.3969826401564958
636,0.38862281101849233
637,0.37986606567384246
638,0.37107733881849697
639,0.36288844927520847
640,0.3551479434030528
641,0.34766172987087335
642,0.3402654693767364
643,0.3329558935675963
644,0.325494584439511
645,0.31783643532261086
646,0.3100412865307543
647,0.3022111727408845
648,0.2944981883093733
649,0.28701060091965086
650,0.2797457233420902
651,0.27283450089563693
652,0.2663283719854873
653,0.2599967416521696
654,0.2535621759284744
655,0.24702640067255308
656,0.2404196418613432
657,0.23374189949484475
658,0.22715043326777454
659,0.22082862935494116
660,0.21477168407355152
661,0.20893469152111277
662,0.20332240973751456
663,0.19785607963113996
664,0.19246877806813717
665,0.18716048876731134
666,0.18185674792477788
667,0.1765454982707697
668,0.17122492223568225
669,0.16589521311991803
670,0.16069411230712952
671,0.1556867434833326
672,0.15088040587840473
673,0.14640403804740665
674,0.14235863121360698
675,0.1386064602745481
676,0.13508240154421403
677,0.13156326513762362
678,0.1278843392141
679,0.1239446325503745
680,0.11999474901143191
681,0.11608042567008367
682,0.11242485241131107
683,0.10906989209015051
684,0.10606650489843795
685,0.10316408697118863
686,0.10031690123559105
687,0.09751252726818518
688,0.09469623901342934
689,0.09181707627948758
690,0.08887503906635989
691,0.08590443134101233
692,0.08295934288895518
693,0.08009022776591435
694,0.07729708597188982
695,0.07465138406988318
696,0.07214864930194864
697,0.06974721230603588
698,0.06744707308214491
699,0.06524823163027571
700,0.06307922138742669
701,0.06091021114457764
702,0.0587547163215662
703,0.056662532606068364
704,0.05463365999808417
705,0.052668098497613614
706,0.050783605334201835
707,0.04898689452297419
708,0.047228170376254666
709,0.04550743289404326
710,0.0438338171454026
711,0.042193093053227666
712,0.04056503118255549
713,0.03894963153338607
714,0.03747040472182039
715,0.03612132727772206
716,0.03489887204865094
717,0.03378851487133252
718,0.03274146880152768
719,0.03163422322313547
720,0.030463666537229653
721,0.029260402869822354
722,0.028071663365689573
723,0.026946234969070403
724,0.025884117679964836
725,0.024894648316122824
726,0.023950548155284995
727,0.02301911021594989
728,0.022100334498117498
729,0.021219326622382784
730,0.02036696859340628
731,0.019539935007435234
732,0.018744439027154194
733,0.017999591932884033
734,0.017280288104029803
735,0.016586308718181012
736,0.01589236347977844
737,0.015166880635685881
738,0.014390748905582442
739,0.013563968289468134
740,0.012781924451716234
741,0.012101144238539877
742,0.011546986240390727
743,0.011118988769858121
744,0.010754302406839117
745,0.010357541486960444
746,0.009897469459568167
747,0.009367469664602973
748,0.008749296006529385
749,0.00810579790545034
750,0.00743697536136584
751,0.006795022954893344
752,0.006235660537496494
753,0.00577759589212143
754,0.005420829018768151
755,0.005136138972062539
756,0.004862565452253079
757,0.004551005267935451
758,0.004200870246770634
759,0.0037874241180922076
760,0.003339887827274294
761,0.0028670270934509413
762,0.0023793721527732487
763,0.0019049676059372874
764,0.0014685497236094753
765,0.001070118505789813
766,0.0007433043088011031
767,0.000507257647683067
768,0.00033452209407865293
769,0.00022509764798786126
770,0.00017898430941068577
771,0.00016255172202432264
772,0.00014611913463795167
773,0.00012968654725157325
774,0.00011325395986519482
775,9.682137247882251e-05
776,8.038878509245798e-05
777,6.395619770609929e-05
778,4.752361031974136e-05
779,3.437754041065327e-05
780,2.4517987978835037e-05
